0.000000000000000000e+00,0.000000000000000000e+00,0.000000000000000000e+00,0.000000000000000000e+00,0.000000000000000000e+00,0.000000000000000000e+00,0.000000000000000000e+00,1.942890293094024192e-16,2.914335439641035919e-16,-2.636779683484746784e-16,-5.551115123125785167e-17,0.000000000000000000e+00,0.000000000000000000e+00,1.197467199452045307e-02,2.394934398904037184e-02,3.592401598356105563e-02,4.789868797808163187e-02,5.987335997260176401e-02,5.987335997260175707e-02,5.987335997260173626e-02,5.987335997260187503e-02,5.987335997260184728e-02,5.987335997260181952e-02,5.987335997260179177e-02,5.987335997260165299e-02,5.987335997260155585e-02,5.987335997260147258e-02,5.987335997260140319e-02,5.987335997260129217e-02,5.987335997260115339e-02,5.987335997260093134e-02,8.885470089210731337e-02,1.178360418116141950e-01,1.468173827311212987e-01,1.757987236506285411e-01,2.047800645701374767e-01,2.193227435838967510e-01,2.338654225976557754e-01,2.484081016114143003e-01,2.629507806251681901e-01,2.774934596389214692e-01,2.920361386526759695e-01,3.065788176664316911e-01,3.211214966801791415e-01,3.356641756939526267e-01,3.502068547077133998e-01,3.647495337214764488e-01,3.792922127352281181e-01,3.938348917489785661e-01,4.083775707627381180e-01,4.229202497764965596e-01,4.374629287902550012e-01,4.520056078040137204e-01,4.665482868177718845e-01,4.810909658315206672e-01,4.956336448452793864e-01,5.101763238590375504e-01,5.247190028727956035e-01,5.392616818865533235e-01,5.538043609003012735e-01,5.683470399140607698e-01,5.828897189278199331e-01,5.974323979415784303e-01,6.119750769553363723e-01,6.265177559690924269e-01,6.410604349828417092e-01,6.556031139965916577e-01,6.701457930103611460e-01,6.846884720241305233e-01,6.992311510378727002e-01,7.137738300516364154e-01,7.283165089970493611e-01,7.428591880791141078e-01,7.574018670928781560e-01,7.719445461066416492e-01,7.864872251204039211e-01,8.010299041341651938e-01,8.155725831479255783e-01,8.301152621616850746e-01,8.446579411754439048e-01,8.592006201892020689e-01,8.737432992029605661e-01,8.882859782167195073e-01,9.028286572304775603e-01,9.173713362427194928e-01,9.319140152579846736e-01,9.464566942732487442e-01,9.609993732885179218e-01,9.755420523037864333e-01,9.900847313130186622e-01,1.004627410326767611e+00,1.019170089340534213e+00,1.033712768354300815e+00,1.048255447368069637e+00,1.062798126381838459e+00,1.077340805395602619e+00,1.091883484409426286e+00,1.106426163423320785e+00,1.120968842437217283e+00,1.135511521451114447e+00,1.150054200465010501e+00,1.164596879478837499e+00,1.179139558492595441e+00,1.194736996166856136e+00,1.210334433842301216e+00,1.225931871517154548e+00,1.241529309192006991e+00,1.257126746866846112e+00,1.257126746866851885e+00,1.257126746866854994e+00,1.257126746866859435e+00,1.257126746866865208e+00,1.257126746866870093e+00,1.257126746866874090e+00,1.257126746866874090e+00,1.257126746866874090e+00,1.257126746866874090e+00,1.257126746866873646e+00,1.257126746866870981e+00,1.257126746866868316e+00
2.999999999999999889e-01,2.999999999999999889e-01,2.999999999999999889e-01,2.999999999999999889e-01,2.999999999999999889e-01,2.999999999999999889e-01,2.999999999999999889e-01,2.999999999999996003e-01,2.999999999999989342e-01,2.999999999999984346e-01,2.999999999999973799e-01,2.999999999999970468e-01,2.999999999999956590e-01,2.974965332055060085e-01,2.949930664110171907e-01,2.924895996165289280e-01,2.899859468004424290e-01,2.874826660275536794e-01,2.874826660275538459e-01,2.874826660275540124e-01,2.874826660275542345e-01,2.874826660275544010e-01,2.874826660275544565e-01,2.874826660275543455e-01,2.874826660275540124e-01,2.874826660275536239e-01,2.874826660275536239e-01,2.874826660275536239e-01,2.874826660275536239e-01,2.874826660275545120e-01,2.874826660275545120e-01,2.875371256613523108e-01,2.875915852951501095e-01,2.876460449289479082e-01,2.877005045627457069e-01,2.877549641965435057e-01,2.877549641965435057e-01,2.877549641965435057e-01,2.877549641965435057e-01,2.877549641965435057e-01,2.877549641965434502e-01,2.877549641965435057e-01,2.877549641965435057e-01,2.877549641965435057e-01,2.877549641965435057e-01,2.877549641965435057e-01,2.877549641965414517e-01,2.877549641965435612e-01,2.877549641965435057e-01,2.877549641965435057e-01,2.877549641965430616e-01,2.877549641965422289e-01,2.877549641965415628e-01,2.877549641965408966e-01,2.877549641965404525e-01,2.877549641965398974e-01,2.877549641965392313e-01,2.877549641965385652e-01,2.877549641965380101e-01,2.877549641965373439e-01,2.877549641965370109e-01,2.877549641965378435e-01,2.877549641965386762e-01,2.877549641965396199e-01,2.877549641965405636e-01,2.877549641965415073e-01,2.877549641965422289e-01,2.877549641965435057e-01,2.877549641965425065e-01,2.877549641965408411e-01,2.877549641965397309e-01,2.877549641965430061e-01,2.877549641965428395e-01,2.877549641965427285e-01,2.877549641965425620e-01,2.877549641965423954e-01,2.877549641965428950e-01,2.877549641965432836e-01,2.877549641965435057e-01,2.877549641965435057e-01,2.877549641965432836e-01,2.877549641965435057e-01,2.877549641965432836e-01,2.877549641965435057e-01,2.877549641965432281e-01,2.877549641965437832e-01,2.877549641965435612e-01,2.877549641965435057e-01,2.877549641965436167e-01,2.877549641965439498e-01,2.877549641965435612e-01,2.877549641965432281e-01,2.877549641965435057e-01,2.877549641965438387e-01,2.877549641965441718e-01,2.877549641965438942e-01,2.877549641965432836e-01,2.877549641965428395e-01,2.877549641965425065e-01,2.877549641965421179e-01,2.877549641965416183e-01,2.877549641965411187e-01,2.877549641965435057e-01,2.879413449131243419e-01,2.881277256297052336e-01,2.883141063462860698e-01,2.885004870628669060e-01,2.886868677794493521e-01,2.886868677794486859e-01,2.886868677794479088e-01,2.886868677794477422e-01,2.886868677794477422e-01,2.886868677794479643e-01,2.886868677794487970e-01,2.886868677794496851e-01,2.886868677794512394e-01,2.886868677794477422e-01,2.886868677794477422e-01,2.886868677794477422e-01,2.886868677794477422e-01
0.000000000000000000e+00,0.000000000000000000e+00,0.000000000000000000e+00,0.000000000000000000e+00,0.000000000000000000e+00,0.000000000000000000e+00,0.000000000000000000e+00,0.000000000000000000e+00,0.000000000000000000e+00,0.000000000000000000e+00,0.000000000000000000e+00,0.000000000000000000e+00,0.000000000000000000e+00,1.279999999999996696e-01,1.920000000000003926e-01,1.920000000000001705e-01,1.280000000000001137e-01,0.000000000000000000e+00,0.000000000000000000e+00,0.000000000000000000e+00,0.000000000000000000e+00,0.000000000000000000e+00,0.000000000000000000e+00,0.000000000000000000e+00,0.000000000000000000e+00,0.000000000000000000e+00,0.000000000000000000e+00,0.000000000000000000e+00,0.000000000000000000e+00,0.000000000000000000e+00,0.000000000000000000e+00,1.280000000000001137e-01,1.920000000000002816e-01,1.920000000000002816e-01,1.280000000000002247e-01,0.000000000000000000e+00,0.000000000000000000e+00,0.000000000000000000e+00,0.000000000000000000e+00,0.000000000000000000e+00,0.000000000000000000e+00,0.000000000000000000e+00,0.000000000000000000e+00,0.000000000000000000e+00,0.000000000000000000e+00,0.000000000000000000e+00,0.000000000000000000e+00,0.000000000000000000e+00,0.000000000000000000e+00,0.000000000000000000e+00,0.000000000000000000e+00,0.000000000000000000e+00,0.000000000000000000e+00,0.000000000000000000e+00,0.000000000000000000e+00,0.000000000000000000e+00,0.000000000000000000e+00,0.000000000000000000e+00,0.000000000000000000e+00,0.000000000000000000e+00,0.000000000000000000e+00,0.000000000000000000e+00,0.000000000000000000e+00,0.000000000000000000e+00,0.000000000000000000e+00,0.000000000000000000e+00,0.000000000000000000e+00,0.000000000000000000e+00,0.000000000000000000e+00,0.000000000000000000e+00,0.000000000000000000e+00,0.000000000000000000e+00,0.000000000000000000e+00,0.000000000000000000e+00,0.000000000000000000e+00,0.000000000000000000e+00,0.000000000000000000e+00,0.000000000000000000e+00,0.000000000000000000e+00,0.000000000000000000e+00,0.000000000000000000e+00,0.000000000000000000e+00,0.000000000000000000e+00,0.000000000000000000e+00,0.000000000000000000e+00,0.000000000000000000e+00,0.000000000000000000e+00,0.000000000000000000e+00,0.000000000000000000e+00,0.000000000000000000e+00,0.000000000000000000e+00,0.000000000000000000e+00,0.000000000000000000e+00,0.000000000000000000e+00,0.000000000000000000e+00,0.000000000000000000e+00,0.000000000000000000e+00,0.000000000000000000e+00,0.000000000000000000e+00,0.000000000000000000e+00,0.000000000000000000e+00,0.000000000000000000e+00,0.000000000000000000e+00,1.280000000000003357e-01,1.920000000000002816e-01,1.920000000000002816e-01,1.280000000000002247e-01,0.000000000000000000e+00,0.000000000000000000e+00,0.000000000000000000e+00,0.000000000000000000e+00,0.000000000000000000e+00,0.000000000000000000e+00,0.000000000000000000e+00,0.000000000000000000e+00,0.000000000000000000e+00,0.000000000000000000e+00,0.000000000000000000e+00,0.000000000000000000e+00,0.000000000000000000e+00
3.800000000000000044e-01,3.800000000000000044e-01,3.800000000000000044e-01,3.800000000000000044e-01,3.800000000000000044e-01,3.800000000000000044e-01,3.800000000000000044e-01,3.962507825391789473e-01,4.125015650783580012e-01,4.287523476175372217e-01,4.450031301567153874e-01,4.612539126958951075e-01,4.612539126958947744e-01,4.612539126958938862e-01,4.612539126958935531e-01,4.612539126958926650e-01,4.612539126958925539e-01,4.612539126958913882e-01,4.612539126958927205e-01,4.612539126958922209e-01,4.612539126958916103e-01,4.612539126958933311e-01,4.612539126958910551e-01,4.612539126958906111e-01,4.612539126958904445e-01,4.926691376021047342e-01,5.240843625083178026e-01,5.554995874145310930e-01,5.869148123207452716e-01,6.183300372269586731e-01,6.183300372269590062e-01,6.183300372269584511e-01,6.183300372269584511e-01,6.183300372269595613e-01,6.183300372269588951e-01,6.183300372269587841e-01,6.183300372269576739e-01,6.429009080904618534e-01,6.674717789539674762e-01,6.920426498174730989e-01,7.166135206809817193e-01,7.411843915444855657e-01,7.557270705582441739e-01,7.702697495720023380e-01,7.848124285857620563e-01,7.993551075995180000e-01,8.138977866132575123e-01,8.284404656267976286e-01,8.429831446405443574e-01,8.575258236542998569e-01,8.720685026680541352e-01,8.866111816818080804e-01,9.011538606955613595e-01,9.156965397102564408e-01,9.302392187240139387e-01,9.447818977377728800e-01,9.593245767515327094e-01,9.738672557652924278e-01,9.884099347784672807e-01,1.002952613783290703e+00,1.017495292797040207e+00,1.032037971810797483e+00,1.046580650824555203e+00,1.061123329838312479e+00,1.075666008852069089e+00,1.090208687865814374e+00,1.104751366879568319e+00,1.119294045893339362e+00,1.133836724907097748e+00,1.148379403920856134e+00,1.162922082934614521e+00,1.177464761862972997e+00,1.192007440945036745e+00,1.206550119958798017e+00,1.221092798972559068e+00,1.235635477986318564e+00,1.250178157112456390e+00,1.264720836010325700e+00,1.279263515090959702e+00,1.293806194104722307e+00,1.308348873118483802e+00,1.322891552132245740e+00,1.337434231146008123e+00,1.351976910138331878e+00,1.366519589131410806e+00,1.381062268146675098e+00,1.395604947161938503e+00,1.410147626177202795e+00,1.424690305192472195e+00,1.439232984245692570e+00,1.453775663259442075e+00,1.468318342228675188e+00,1.482861021287990910e+00,1.497403700255159897e+00,1.511946379268919394e+00,1.526489058277535005e+00,1.541031737297468451e+00,1.555574416311353403e+00,1.570117095325240797e+00,1.584659774339133076e+00,1.599202453374985344e+00,1.613745132388743730e+00,1.628287811402496121e+00,1.642830490416258282e+00,1.657373169430019333e+00,1.671915848443778607e+00,1.686458527457536105e+00,1.697728129561412835e+00,1.702451577845299102e+00,1.703901949219293499e+00,1.705352320593277238e+00,1.706802691967229002e+00,1.708253063341178102e+00,1.709703434715122539e+00,1.711153806089072305e+00,1.712604177462978106e+00,1.714054548836927205e+00,1.715504920210876305e+00,1.716955291584824295e+00,1.718405662958877089e+00
2.999999999999999889e-01,2.999999999999999889e-01,2.999999999999999889e-01,2.999999999999999889e-01,2.999999999999999889e-01,2.999999999999999889e-01,2.999999999999999889e-01,2.976551916808892750e-01,2.953103833617782281e-01,2.929655750426674032e-01,2.906207667235560232e-01,2.882759584044453649e-01,2.882759584044452539e-01,2.882759584044450873e-01,2.882759584044444212e-01,2.882759584044443102e-01,2.882759584044441437e-01,2.882759584044444767e-01,2.882759584044447543e-01,2.882759584044450318e-01,2.882759584044453094e-01,2.882759584044453094e-01,2.882759584044447543e-01,2.882759584044451429e-01,2.882759584044453649e-01,2.884155824544653024e-01,2.885552065044854064e-01,2.886948305545050664e-01,2.888344546045250594e-01,2.889740786545454965e-01,2.889740786545412776e-01,2.889740786545418327e-01,2.889740786545424989e-01,2.889740786545432760e-01,2.889740786545444418e-01,2.889740786545450524e-01,2.889740786545454965e-01,2.887242401552364002e-01,2.884744016559271929e-01,2.882245631566180966e-01,2.879747246573090003e-01,2.877248861579998485e-01,2.877248861578271533e-01,2.877248861576545136e-01,2.877248861574818739e-01,2.877248861569594585e-01,2.877248861569600136e-01,2.877248861569606242e-01,2.877248861569602356e-01,2.877248861569600136e-01,2.877248861569613458e-01,2.877248861569626781e-01,2.877248861569641214e-01,2.877248861569636773e-01,2.877248861569639549e-01,2.877248861569638994e-01,2.877248861497069821e-01,2.877248861497070931e-01,2.877248861424500093e-01,2.877248861388215229e-01,2.877248861388215229e-01,2.877248861388215229e-01,2.877248861388217449e-01,2.877248861388226886e-01,2.877248861388236323e-01,2.877248861388245760e-01,2.877248861388252976e-01,2.877248861388215229e-01,2.877248861388215229e-01,2.877248861388215229e-01,2.877248861388215229e-01,2.877248861388215229e-01,2.877248861700164584e-01,2.877248861700164584e-01,2.877248861388215784e-01,2.877248861388215784e-01,2.877248861388215229e-01,2.877248860599359026e-01,2.877248860599364577e-01,2.877248860599370683e-01,2.877248860599377345e-01,2.877248860599382896e-01,2.877248860599387337e-01,2.877248860599390667e-01,2.877248860599395663e-01,2.877248860599398994e-01,2.877248860599397329e-01,2.877248860599396774e-01,2.877248860599396774e-01,2.877248860525680185e-01,2.877248860525679630e-01,2.877248860525679075e-01,2.877248860378244233e-01,2.877248860378243123e-01,2.877248860599397884e-01,2.877248860599397329e-01,2.877248860599397884e-01,2.877248860599433966e-01,2.877248860599430635e-01,2.877248860599427305e-01,2.877248860599419533e-01,2.877248860599413427e-01,2.877248860599405655e-01,2.877248860599402880e-01,2.877248860599398994e-01,2.877248860599397329e-01,2.877248860599397329e-01,2.877248860599436742e-01,2.877248860599425084e-01,2.877248860599418978e-01,2.877248860599412872e-01,2.877248860599406766e-01,2.877248860599400659e-01,2.877248860599397329e-01,2.877248860599397329e-01,2.877248860599397329e-01,2.877248860599397329e-01,2.877248860599401215e-01,2.877248860599414537e-01,2.877248860599428970e-01
0.000000000000000000e+00,0.000000000000000000e+00,0.000000000000000000e+00,0.000000000000000000e+00,0.000000000000000000e+00,0.000000000000000000e+00,0.000000000000000000e+00,1.280000000000005578e-01,1.920000000000003926e-01,1.920000000000002260e-01,1.280000000000003357e-01,0.000000000000000000e+00,0.000000000000000000e+00,0.000000000000000000e+00,2.220446049250313081e-16,0.000000000000000000e+00,0.000000000000000000e+00,0.000000000000000000e+00,0.000000000000000000e+00,0.000000000000000000e+00,1.110223024625156540e-16,0.000000000000000000e+00,0.000000000000000000e+00,0.000000000000000000e+00,0.000000000000000000e+00,1.280000000000001137e-01,1.920000000000002816e-01,1.920000000000002816e-01,1.280000000000002247e-01,0.000000000000000000e+00,0.000000000000000000e+00,0.000000000000000000e+00,0.000000000000000000e+00,0.000000000000000000e+00,5.551115123125782702e-17,0.000000000000000000e+00,0.000000000000000000e+00,1.279999999999998916e-01,1.920000000000005036e-01,1.920000000000006146e-01,1.280000000000001692e-01,0.000000000000000000e+00,0.000000000000000000e+00,0.000000000000000000e+00,0.000000000000000000e+00,0.000000000000000000e+00,0.000000000000000000e+00,0.000000000000000000e+00,0.000000000000000000e+00,0.000000000000000000e+00,0.000000000000000000e+00,0.000000000000000000e+00,0.000000000000000000e+00,0.000000000000000000e+00,0.000000000000000000e+00,0.000000000000000000e+00,0.000000000000000000e+00,0.000000000000000000e+00,0.000000000000000000e+00,0.000000000000000000e+00,0.000000000000000000e+00,0.000000000000000000e+00,0.000000000000000000e+00,0.000000000000000000e+00,0.000000000000000000e+00,0.000000000000000000e+00,0.000000000000000000e+00,0.000000000000000000e+00,0.000000000000000000e+00,0.000000000000000000e+00,0.000000000000000000e+00,0.000000000000000000e+00,0.000000000000000000e+00,0.000000000000000000e+00,0.000000000000000000e+00,0.000000000000000000e+00,0.000000000000000000e+00,0.000000000000000000e+00,0.000000000000000000e+00,0.000000000000000000e+00,0.000000000000000000e+00,0.000000000000000000e+00,0.000000000000000000e+00,0.000000000000000000e+00,0.000000000000000000e+00,0.000000000000000000e+00,0.000000000000000000e+00,0.000000000000000000e+00,0.000000000000000000e+00,0.000000000000000000e+00,0.000000000000000000e+00,0.000000000000000000e+00,0.000000000000000000e+00,0.000000000000000000e+00,0.000000000000000000e+00,0.000000000000000000e+00,0.000000000000000000e+00,0.000000000000000000e+00,0.000000000000000000e+00,0.000000000000000000e+00,0.000000000000000000e+00,0.000000000000000000e+00,0.000000000000000000e+00,0.000000000000000000e+00,0.000000000000000000e+00,0.000000000000000000e+00,0.000000000000000000e+00,0.000000000000000000e+00,0.000000000000000000e+00,0.000000000000000000e+00,0.000000000000000000e+00,0.000000000000000000e+00,0.000000000000000000e+00,0.000000000000000000e+00,0.000000000000000000e+00,1.110223024625159499e-16,0.000000000000000000e+00,0.000000000000000000e+00,5.551115123125797493e-17,0.000000000000000000e+00
3.800000000000000044e-01,3.800000000000000044e-01,3.800000000000000044e-01,3.800000000000000044e-01,3.800000000000000044e-01,3.800000000000000044e-01,3.800000000000000044e-01,3.800000000000002820e-01,3.800000000000006706e-01,3.800000000000012257e-01,3.800000000000007261e-01,3.800000000000017808e-01,3.799999999999924549e-01,3.799999999999947864e-01,3.800000000000008926e-01,3.800000000000004485e-01,3.800000000000004485e-01,3.800000000000004485e-01,3.800000000000004485e-01,4.054123635345935339e-01,4.308247270691861752e-01,4.562370906037790386e-01,4.816494541383717909e-01,5.070618176729650983e-01,5.170613287307077588e-01,5.270608397884619656e-01,5.370603508462148401e-01,5.470598619039681587e-01,5.570593729617212553e-01,5.681946760084880532e-01,5.816015630332567188e-01,5.961442420470138837e-01,6.106869210607712706e-01,6.252296000745287685e-01,6.397722790882869326e-01,6.543149581020454297e-01,6.688576371158037048e-01,6.834003161295617579e-01,6.979429951433202550e-01,7.124856741570789742e-01,7.270283531708379154e-01,7.415710321845988551e-01,7.561137111983603498e-01,7.706563902121233989e-01,7.851990692258776772e-01,7.997417482396314004e-01,8.142844272533840133e-01,8.288271062671290768e-01,8.433697852808761386e-01,8.579124642946351909e-01,8.724551433083918006e-01,8.869978223221510749e-01,9.015405013359101272e-01,9.160831803496686243e-01,9.306258593634173515e-01,9.451685383771758486e-01,9.597112173909343458e-01,9.742538964046928429e-01,9.887965754184513401e-01,1.003339254432210392e+00,1.017881933445958564e+00,1.032424612459717839e+00,1.046967291473478445e+00,1.061509970487233279e+00,1.076052649500991887e+00,1.090595328514749829e+00,1.105138007528498001e+00,1.119680686542257719e+00,1.134223365556010110e+00,1.148766044569771383e+00,1.163308723583531545e+00,1.177851402597289932e+00,1.192394081611039436e+00,1.206936760624798932e+00,1.221479439638559095e+00,1.236022118652313262e+00,1.250564797666072980e+00,1.265107476679831366e+00,1.279650155693590197e+00,1.294192834707359907e+00,1.308735513721129395e+00,1.323278192760813043e+00,1.337820871747192886e+00,1.352363550707885942e+00,1.366906229700969311e+00,1.381448908716243151e+00,1.395991587731514327e+00,1.410534266746784171e+00,1.425076945762052016e+00,1.439619624776555140e+00,1.454162303790306199e+00,1.468704982804066139e+00,1.483247661817825636e+00,1.497790340831587796e+00,1.512333019845349513e+00,1.526875698859107233e+00,1.541418377877961765e+00,1.555961056891848937e+00,1.570503735905734111e+00,1.585046414919618174e+00,1.599589093933087902e+00,1.614131772946891807e+00,1.628674451960629099e+00,1.643217130974391260e+00,1.657759809988152089e+00,1.672302489001910475e+00,1.686845168015669749e+00,1.698114770119503181e+00,1.702838218403422310e+00,1.704288589777397833e+00,1.705738961151376243e+00,1.707189332525352876e+00,1.708639703899329287e+00,1.710090075273303478e+00,1.711540446647276781e+00,1.712990818021248085e+00,1.714441189395220722e+00,1.715891560769190916e+00,1.717341932143159555e+00,1.718792303517238107e+00
5.999999999999999778e-01,5.999999999999999778e-01,5.999999999999999778e-01,5.999999999999999778e-01,5.999999999999999778e-01,5.999999999999999778e-01,5.999999999999999778e-01,5.999999999999909850e-01,5.999999999999824363e-01,5.999999999999741096e-01,5.999999999999646727e-01,5.999999999999560130e-01,5.999999999999576783e-01,5.999999999999996447e-01,5.999999999999977573e-01,5.999999999999970912e-01,5.999999999999954259e-01,5.999999999999999778e-01,5.999999999999995337e-01,6.025660380535379224e-01,6.051320761070752008e-01,6.076981141606125902e-01,6.102641522141492025e-01,6.128301902676868140e-01,6.128301902676870361e-01,6.128301902676868140e-01,6.128301902676863699e-01,6.128301902676860369e-01,6.128301902676857038e-01,6.128301902676853707e-01,6.128301902676842605e-01,6.128301902676838164e-01,6.128301902676822621e-01,6.128301902676815960e-01,6.128301902676802637e-01,6.128301902676795976e-01,6.128301902676787094e-01,6.128301902676779322e-01,6.128301902676769330e-01,6.128301902676763779e-01,6.128301902676758228e-01,6.128301902676752677e-01,6.128301902676743795e-01,6.128301902676868140e-01,6.128301902676868140e-01,6.128301902676868140e-01,6.128301902676868140e-01,6.128301902676898116e-01,6.128301902676889235e-01,6.128301902676880353e-01,6.128301902676871471e-01,6.128301902676868140e-01,6.128301902676868140e-01,6.128301902676860369e-01,6.128301902676855928e-01,6.128301902676883683e-01,6.128301902676868140e-01,6.128301902676868140e-01,6.128301902676868140e-01,6.128301902676852597e-01,6.128301902676862589e-01,6.128301902676871471e-01,6.128301902676867030e-01,6.128301902676870361e-01,6.128301902676869251e-01,6.128301902676871471e-01,6.128301902676872581e-01,6.128301902676868140e-01,6.128301902676867030e-01,6.128301902676867030e-01,6.128301902676867030e-01,6.128301902676867030e-01,6.128301902676867030e-01,6.128301902676864810e-01,6.128301902676868140e-01,6.128301902676867030e-01,6.128301902676867030e-01,6.128301902676867030e-01,6.128301902676869251e-01,6.128301902676859259e-01,6.128301902676851487e-01,6.128301902676843715e-01,6.128301902702063542e-01,6.128301902702057991e-01,6.128301902702053550e-01,6.128301902702046888e-01,6.128301902702044668e-01,6.128301902651632771e-01,6.128301902651629440e-01,6.128301902651624999e-01,6.128301902651622779e-01,6.128301902651622779e-01,6.128301902651622779e-01,6.128301902651620559e-01,6.128301902651624999e-01,6.128301902651622779e-01,6.128301902651620559e-01,6.128301902651624999e-01,6.128301902651771549e-01,6.128301902651622779e-01,6.128301902651623889e-01,6.128301902651622779e-01,6.128301902651622779e-01,6.128301902651622779e-01,6.128301902651622779e-01,6.128301902651704935e-01,6.128301902651693833e-01,6.128301902651687172e-01,6.128301902651678290e-01,6.128301902651669408e-01,6.128301902651659416e-01,6.128301902651649424e-01,6.128301902651640543e-01,6.128301902651631661e-01,6.128301902651624999e-01,6.128301902651622779e-01,6.128301902651622779e-01,6.128301902651622779e-01,6.128301902651622779e-01,6.128301902651619448e-01
0.000000000000000000e+00,0.000000000000000000e+00,0.000000000000000000e+00,0.000000000000000000e+00,0.000000000000000000e+00,0.000000000000000000e+00,0.000000000000000000e+00,-4.440892098500626162e-16,0.000000000000000000e+00,0.000000000000000000e+00,0.000000000000000000e+00,0.000000000000000000e+00,0.000000000000000000e+00,0.000000000000000000e+00,0.000000000000000000e+00,-2.220446049250313081e-16,0.000000000000000000e+00,0.000000000000000000e+00,0.000000000000000000e+00,1.280000000000001137e-01,1.920000000000002816e-01,1.920000000000001705e-01,1.280000000000001137e-01,0.000000000000000000e+00,0.000000000000000000e+00,0.000000000000000000e+00,0.000000000000000000e+00,0.000000000000000000e+00,0.000000000000000000e+00,0.000000000000000000e+00,0.000000000000000000e+00,0.000000000000000000e+00,0.000000000000000000e+00,0.000000000000000000e+00,0.000000000000000000e+00,0.000000000000000000e+00,0.000000000000000000e+00,0.000000000000000000e+00,0.000000000000000000e+00,0.000000000000000000e+00,5.551115123125782702e-17,0.000000000000000000e+00,0.000000000000000000e+00,0.000000000000000000e+00,0.000000000000000000e+00,0.000000000000000000e+00,0.000000000000000000e+00,0.000000000000000000e+00,0.000000000000000000e+00,0.000000000000000000e+00,0.000000000000000000e+00,0.000000000000000000e+00,0.000000000000000000e+00,0.000000000000000000e+00,0.000000000000000000e+00,0.000000000000000000e+00,0.000000000000000000e+00,0.000000000000000000e+00,0.000000000000000000e+00,0.000000000000000000e+00,0.000000000000000000e+00,0.000000000000000000e+00,0.000000000000000000e+00,0.000000000000000000e+00,0.000000000000000000e+00,0.000000000000000000e+00,0.000000000000000000e+00,0.000000000000000000e+00,0.000000000000000000e+00,0.000000000000000000e+00,0.000000000000000000e+00,0.000000000000000000e+00,0.000000000000000000e+00,0.000000000000000000e+00,0.000000000000000000e+00,0.000000000000000000e+00,0.000000000000000000e+00,0.000000000000000000e+00,0.000000000000000000e+00,0.000000000000000000e+00,0.000000000000000000e+00,0.000000000000000000e+00,0.000000000000000000e+00,0.000000000000000000e+00,0.000000000000000000e+00,0.000000000000000000e+00,0.000000000000000000e+00,0.000000000000000000e+00,0.000000000000000000e+00,0.000000000000000000e+00,0.000000000000000000e+00,0.000000000000000000e+00,0.000000000000000000e+00,0.000000000000000000e+00,0.000000000000000000e+00,0.000000000000000000e+00,0.000000000000000000e+00,0.000000000000000000e+00,0.000000000000000000e+00,0.000000000000000000e+00,0.000000000000000000e+00,0.000000000000000000e+00,0.000000000000000000e+00,0.000000000000000000e+00,0.000000000000000000e+00,0.000000000000000000e+00,0.000000000000000000e+00,0.000000000000000000e+00,0.000000000000000000e+00,0.000000000000000000e+00,0.000000000000000000e+00,0.000000000000000000e+00,0.000000000000000000e+00,0.000000000000000000e+00,0.000000000000000000e+00,1.110223024625159499e-16,0.000000000000000000e+00,0.000000000000000000e+00,5.551115123125797493e-17,0.000000000000000000e+00
0.000000000000000000e+00,0.000000000000000000e+00,0.000000000000000000e+00,0.000000000000000000e+00,0.000000000000000000e+00,0.000000000000000000e+00,0.000000000000000000e+00,3.312649408532140818e-04,6.625298817063310190e-04,9.937948225587954834e-04,1.325059763412023660e-03,1.656324704265098747e-03,5.406244664731068086e-03,1.040613794535296711e-02,1.540603122597482971e-02,2.040592450659620138e-02,2.540581778721756612e-02,3.165561551213755265e-02,4.040571136586303125e-02,5.040473318337988784e-02,6.040424424113616242e-02,7.040375529889242312e-02,8.040326635664871158e-02,9.040277741469812667e-02,1.004022884724418002e-01,1.104017995301977972e-01,1.204013105879538498e-01,1.304008216457102909e-01,1.404003327034672732e-01,1.515356357502001261e-01,1.649425227749718170e-01,1.794852017887303419e-01,1.940278808024890056e-01,2.085705598162476970e-01,2.231132388300062219e-01,2.376559178437649134e-01,2.521985968575217174e-01,2.667412758712773280e-01,2.812839548850326055e-01,2.958266338987879940e-01,3.103693129125436045e-01,3.249119919263056544e-01,3.394546709400545481e-01,3.539973499538129897e-01,3.685400289675714314e-01,3.830827079813296510e-01,3.976253869950873154e-01,4.121680660088467563e-01,4.267107450225956500e-01,4.412534240363534810e-01,4.557961030501104238e-01,4.703387820638677552e-01,4.848814610776238654e-01,4.994241400913817519e-01,5.139668191051380841e-01,5.285094981189004670e-01,5.430521771326490832e-01,5.575948561464113551e-01,5.721375351601728498e-01,5.866802141739245746e-01,6.012228931876764104e-01,6.157655722014362398e-01,6.303082512151947370e-01,6.448509302289525680e-01,6.593936092427098439e-01,6.739362882564565727e-01,6.884789672702191776e-01,7.030216462839772307e-01,7.175643252977361719e-01,7.321070043114950021e-01,7.466496833252579401e-01,7.611923624073052563e-01,7.757350414210496536e-01,7.902777204347908313e-01,8.048203994485286783e-01,8.193630784622693009e-01,8.339057574760112557e-01,8.484484364897519892e-01,8.629911155035057124e-01,8.775337945203508516e-01,8.920764735341005780e-01,9.066191525478513036e-01,9.211618315616043606e-01,9.357045105606270896e-01,9.502471895536962476e-01,9.647898685689491050e-01,9.793325475842018513e-01,9.938752265994537094e-01,1.008417905614708454e+00,1.022960584629202918e+00,1.037503263642951756e+00,1.052045942656710142e+00,1.066588621670468751e+00,1.081131300684228469e+00,1.095673979697988187e+00,1.110216658711743687e+00,1.124759337725550701e+00,1.139302016739429879e+00,1.153844695753308391e+00,1.168387374767185793e+00,1.182930053781062529e+00,1.197472732794866657e+00,1.212015411808601284e+00,1.226558090821793234e+00,1.241100769835556505e+00,1.255643448849301791e+00,1.270186127863068393e+00,1.281455729966963775e+00,1.286179178250869581e+00,1.287629549624840219e+00,1.289079920998810636e+00,1.290530292372779275e+00,1.291980663746748359e+00,1.293431035120719663e+00,1.294881406494687415e+00,1.296331777868654056e+00,1.297782149242622696e+00,1.299232520616591335e+00,1.300682891990559975e+00,1.302133263364633198e+00
5.999999999999999778e-01,5.999999999999999778e-01,5.999999999999999778e-01,5.999999999999999778e-01,5.999999999999999778e-01,5.999999999999999778e-01,5.999999999999999778e-01,6.025349717731399712e-01,6.050699435462805198e-01,6.076049153194210684e-01,6.101398870925607287e-01,6.126748588657010552e-01,6.126748588657008332e-01,6.126748588657007222e-01,6.126748588657012773e-01,6.126748588657010552e-01,6.126748588657008332e-01,6.126748588657011663e-01,6.126748588657013883e-01,6.126748588657013883e-01,6.126748588657016104e-01,6.126748588657020544e-01,6.126748588657024985e-01,6.126748588657031647e-01,6.126748588657006112e-01,6.126748588657009442e-01,6.126748588657013883e-01,6.126748588657016104e-01,6.126748588657018324e-01,6.126748588657023875e-01,6.126748588657013883e-01,6.126748588657013883e-01,6.126748588657013883e-01,6.126748588657013883e-01,6.126748588657014993e-01,6.126748588657019434e-01,6.126748588656981687e-01,6.126748588656986128e-01,6.126748588656993899e-01,6.126748588657001671e-01,6.126748588657007222e-01,6.126748588657011663e-01,6.126748588657013883e-01,6.126748588657013883e-01,6.126748588657013883e-01,6.126748588657013883e-01,6.126748588657011663e-01,6.126748588657013883e-01,6.126748588657013883e-01,6.126748588657013883e-01,6.126748588657009442e-01,6.126748588657002781e-01,6.126748588656996120e-01,6.126748588656989458e-01,6.126748588656983907e-01,6.126748588656959482e-01,6.126748588656941719e-01,6.126748588656943939e-01,6.126748588656958372e-01,6.126748588656973915e-01,6.126748588656988348e-01,6.126748588657016104e-01,6.126748588657029426e-01,6.126748588657024985e-01,6.126748588657020544e-01,6.126748588657016104e-01,6.126748588657011663e-01,6.126748588657014993e-01,6.126748588657013883e-01,6.126748588657013883e-01,6.126748588657013883e-01,6.126748588620526403e-01,6.126748588620521963e-01,6.126748588620517522e-01,6.126748588620516411e-01,6.126748588584018940e-01,6.126748588584018940e-01,6.126748588584018940e-01,6.126748588548176500e-01,6.126748588512356264e-01,6.126748588512362925e-01,6.126748588512354043e-01,6.126748588512358484e-01,6.126748588512362925e-01,6.126748588512365146e-01,6.126748588512367366e-01,6.126748588497169523e-01,6.126748588497175074e-01,6.126748588497183956e-01,6.126748588497177295e-01,6.126748588497172854e-01,6.126748588497168413e-01,6.126748588497159531e-01,6.126748588497155090e-01,6.126748588497146208e-01,6.126748588497139547e-01,6.126748588497135106e-01,6.126748588497132886e-01,6.126748588497132886e-01,6.126748588497129555e-01,6.126748588497121784e-01,6.126748588497114012e-01,6.126748588497108461e-01,6.126748588497131776e-01,6.126748588497143988e-01,6.126748588497136216e-01,6.126748588497132886e-01,6.126748588497132886e-01,6.126748588497132886e-01,6.126748588497132886e-01,6.126748588497167303e-01,6.126748588497158421e-01,6.126748588497153980e-01,6.126748588497149539e-01,6.126748588497145098e-01,6.126748588497139547e-01,6.126748588497135106e-01,6.126748588497132886e-01,6.126748588497132886e-01,6.126748588497129555e-01
0.000000000000000000e+00,0.000000000000000000e+00,0.000000000000000000e+00,0.000000000000000000e+00,0.000000000000000000e+00,0.000000000000000000e+00,0.000000000000000000e+00,1.280000000000005578e-01,1.920000000000003926e-01,1.920000000000002260e-01,1.280000000000003357e-01,0.000000000000000000e+00,0.000000000000000000e+00,0.000000000000000000e+00,0.000000000000000000e+00,-2.220446049250313081e-16,0.000000000000000000e+00,0.000000000000000000e+00,0.000000000000000000e+00,0.000000000000000000e+00,0.000000000000000000e+00,0.000000000000000000e+00,0.000000000000000000e+00,0.000000000000000000e+00,0.000000000000000000e+00,0.000000000000000000e+00,0.000000000000000000e+00,0.000000000000000000e+00,0.000000000000000000e+00,0.000000000000000000e+00,0.000000000000000000e+00,0.000000000000000000e+00,0.000000000000000000e+00,0.000000000000000000e+00,0.000000000000000000e+00,0.000000000000000000e+00,0.000000000000000000e+00,0.000000000000000000e+00,0.000000000000000000e+00,0.000000000000000000e+00,0.000000000000000000e+00,0.000000000000000000e+00,0.000000000000000000e+00,0.000000000000000000e+00,0.000000000000000000e+00,0.000000000000000000e+00,0.000000000000000000e+00,0.000000000000000000e+00,0.000000000000000000e+00,0.000000000000000000e+00,0.000000000000000000e+00,0.000000000000000000e+00,0.000000000000000000e+00,0.000000000000000000e+00,0.000000000000000000e+00,0.000000000000000000e+00,0.000000000000000000e+00,0.000000000000000000e+00,0.000000000000000000e+00,0.000000000000000000e+00,0.000000000000000000e+00,0.000000000000000000e+00,0.000000000000000000e+00,0.000000000000000000e+00,0.000000000000000000e+00,0.000000000000000000e+00,0.000000000000000000e+00,0.000000000000000000e+00,0.000000000000000000e+00,0.000000000000000000e+00,0.000000000000000000e+00,0.000000000000000000e+00,0.000000000000000000e+00,0.000000000000000000e+00,0.000000000000000000e+00,0.000000000000000000e+00,0.000000000000000000e+00,0.000000000000000000e+00,0.000000000000000000e+00,0.000000000000000000e+00,0.000000000000000000e+00,0.000000000000000000e+00,0.000000000000000000e+00,0.000000000000000000e+00,0.000000000000000000e+00,0.000000000000000000e+00,0.000000000000000000e+00,0.000000000000000000e+00,0.000000000000000000e+00,0.000000000000000000e+00,0.000000000000000000e+00,0.000000000000000000e+00,0.000000000000000000e+00,0.000000000000000000e+00,0.000000000000000000e+00,0.000000000000000000e+00,0.000000000000000000e+00,0.000000000000000000e+00,0.000000000000000000e+00,0.000000000000000000e+00,0.000000000000000000e+00,0.000000000000000000e+00,0.000000000000000000e+00,0.000000000000000000e+00,0.000000000000000000e+00,0.000000000000000000e+00,0.000000000000000000e+00,0.000000000000000000e+00,0.000000000000000000e+00,0.000000000000000000e+00,0.000000000000000000e+00,0.000000000000000000e+00,0.000000000000000000e+00,0.000000000000000000e+00,0.000000000000000000e+00,0.000000000000000000e+00,0.000000000000000000e+00,0.000000000000000000e+00,0.000000000000000000e+00,0.000000000000000000e+00
