0.000000000000000000e+00,0.000000000000000000e+00,0.000000000000000000e+00,0.000000000000000000e+00,0.000000000000000000e+00,0.000000000000000000e+00,0.000000000000000000e+00,0.000000000000000000e+00,0.000000000000000000e+00,0.000000000000000000e+00,0.000000000000000000e+00,0.000000000000000000e+00,0.000000000000000000e+00,0.000000000000000000e+00,0.000000000000000000e+00,0.000000000000000000e+00,0.000000000000000000e+00,0.000000000000000000e+00,0.000000000000000000e+00,0.000000000000000000e+00,0.000000000000000000e+00,0.000000000000000000e+00,0.000000000000000000e+00,0.000000000000000000e+00,0.000000000000000000e+00,0.000000000000000000e+00,0.000000000000000000e+00,0.000000000000000000e+00,2.510924240421523804e-02,5.021848480843060097e-02,7.532772721264596738e-02,1.004369696168612019e-01,1.255462120210765753e-01,1.506554544252919348e-01,1.506554544252919348e-01,1.506554544252919348e-01,1.506554544252919348e-01,1.506554544252919348e-01,1.506554544252919348e-01,1.506554544252919348e-01,1.506554544252919348e-01,1.506554544252919348e-01,1.506554544252919348e-01,1.506554544252919348e-01,1.506554544252919348e-01,1.506554544252919348e-01,1.506554544252919348e-01,1.506554544252919348e-01,1.506554544252919348e-01,1.506554544252919348e-01,1.506554544252919348e-01,1.506554544252920458e-01,1.506554544252920458e-01,1.506554544252919348e-01,1.506554544252920458e-01,1.506554544252919348e-01,1.506554544252920458e-01,1.506554544252920458e-01,1.506554544252920458e-01,1.506554544252922678e-01,1.506554544252922678e-01,1.506554544252922678e-01,1.506554544252922678e-01,1.506554544252922678e-01,1.506554544252922678e-01,1.506554544252922678e-01,1.506554544252922678e-01,1.506554544252922678e-01,1.952597364197781737e-01,2.398659131248368215e-01,2.844720898298949696e-01,3.290782665349532010e-01,3.736844432400118765e-01,4.182906199724071294e-01,4.182906199724071294e-01,4.182906199724071294e-01,4.182906199724071294e-01,4.182906199724071294e-01,4.182906199724071294e-01,4.182906199724071294e-01,4.182906199724070184e-01,4.182906199724071294e-01,4.182906199724070184e-01,4.182906199724071294e-01,4.182906199724072405e-01,4.182906199724073515e-01,4.182906199724073515e-01,4.182906199724073515e-01,4.182906199724073515e-01,4.182906199724072405e-01,4.182906199724073515e-01,4.182906199724072405e-01,4.182906199724072405e-01,4.182906199724072405e-01,4.182906199724072405e-01,4.182906199724072405e-01,4.182906199724072405e-01,4.182906199724072405e-01,4.182906199724072405e-01,4.182906199724072405e-01,4.182906199724072405e-01,4.182906199724072405e-01,4.182906199724072405e-01,4.182906199724072405e-01,4.182906199724072405e-01,4.182906199724072405e-01,4.182906199724072405e-01,4.182906199724072405e-01,4.706142956255624510e-01,5.229379713060534618e-01,5.752616469865455828e-01,6.275853226670378149e-01,6.799089983475289367e-01,7.322351611691974016e-01,7.322351611691974016e-01,7.322351611691974016e-01,7.322351611691974016e-01,7.322351611691974016e-01,7.322351611691974016e-01,7.322351611691974016e-01,7.322351611691974016e-01,7.322351611691974016e-01,7.322351611691974016e-01,7.322351611691974016e-01,7.322351611691974016e-01,7.322351611691974016e-01,7.322351611691974016e-01,7.322351611691974016e-01,7.322351611691974016e-01,7.322351611691974016e-01,7.322351611691974016e-01,7.322351611691974016e-01,7.322351611691974016e-01,7.322351611691974016e-01,7.322351611691974016e-01,7.322351611691974016e-01,7.322351611691974016e-01,7.322351611691974016e-01,7.322351611691974016e-01,7.322351611691974016e-01,7.322351611691974016e-01,7.322351611691974016e-01,7.322351611691974016e-01,7.322351611691974016e-01,7.322351611691974016e-01,7.322351611691974016e-01,7.322351611691974016e-01,7.322351611691974016e-01,7.850636979635257084e-01,8.378947218990461243e-01,8.907257458345472223e-01,9.435567697700596446e-01,9.963877937055746203e-01,1.049218817641085266e+00,1.049218817641085266e+00,1.049218817641085266e+00,1.049218817641085266e+00,1.049218817641085266e+00,1.049218817641085266e+00,1.049218817641085266e+00
2.999999999999999889e-01,2.999999999999999889e-01,2.999999999999999889e-01,2.999999999999999889e-01,2.999999999999999889e-01,2.999999999999999889e-01,2.999999999999999889e-01,2.999999999999999889e-01,2.999999999999999889e-01,2.999999999999999889e-01,2.999999999999999889e-01,2.999999999999999889e-01,2.999999999999999889e-01,2.999999999999999889e-01,2.999999999999999889e-01,2.999999999999999889e-01,2.999999999999999889e-01,2.999999999999999889e-01,2.999999999999999889e-01,2.999999999999999889e-01,2.999999999999999889e-01,2.999999999999999889e-01,2.999999999999999889e-01,2.999999999999999889e-01,2.999999999999999889e-01,2.999999999999999889e-01,2.999999999999999889e-01,2.999999999999999889e-01,3.082303027119782657e-01,3.164606054239423871e-01,3.246909081359188876e-01,3.329212108478876164e-01,3.411515135598574000e-01,3.493860931611419418e-01,3.493860931611419418e-01,3.493860931611419418e-01,3.493860931611419418e-01,3.493860931611419418e-01,3.493860931611419418e-01,3.493860931611419418e-01,3.493860931611419418e-01,3.493860931611419418e-01,3.493860931611419418e-01,3.493860931611419418e-01,3.493860931611419418e-01,3.493860931611419418e-01,3.493860931611419418e-01,3.493860931611419418e-01,3.493860931611419418e-01,3.493860931611419418e-01,3.493860931611419418e-01,3.493860931611419418e-01,3.493860931611419418e-01,3.493860931611419418e-01,3.493860931611419418e-01,3.493860931611419418e-01,3.493860931611419418e-01,3.493860931611419418e-01,3.493860931611419418e-01,3.493860931611419418e-01,3.493860931611419418e-01,3.493860931611419418e-01,3.493860931611419418e-01,3.493860931611419418e-01,3.493860931611419418e-01,3.493860931611419418e-01,3.493860931611419418e-01,3.493860931611419418e-01,3.503184275426551864e-01,3.512507619246617030e-01,3.521830963066682196e-01,3.531154306886747918e-01,3.540477650706813639e-01,3.549800994507069096e-01,3.549800994507069096e-01,3.549800994507069096e-01,3.549800994507069096e-01,3.549800994507069096e-01,3.549800994507069096e-01,3.549800994507069096e-01,3.549800994507069096e-01,3.549800994507069096e-01,3.549800994507069096e-01,3.549800994507069096e-01,3.549800994507069096e-01,3.549800994507069096e-01,3.549800994507069096e-01,3.549800994507069096e-01,3.549800994507069096e-01,3.549800994507069096e-01,3.549800994507069096e-01,3.549800994507069096e-01,3.549800994507069096e-01,3.549800994507069096e-01,3.549800994507069096e-01,3.549800994507069096e-01,3.549800994507069096e-01,3.549800994507069096e-01,3.549800994507069096e-01,3.549800994507069096e-01,3.549800994507069096e-01,3.549800994507069096e-01,3.549800994507069096e-01,3.549800994507069096e-01,3.549800994507069096e-01,3.549800994507069096e-01,3.549800994507069096e-01,3.549800994507069096e-01,3.552604721930428533e-01,3.555408449333977150e-01,3.558212176737527987e-01,3.561015904141076605e-01,3.563819631544626887e-01,3.566623355972431408e-01,3.566623355972431408e-01,3.566623355972431408e-01,3.566623355972431408e-01,3.566623355972431408e-01,3.566623355972431408e-01,3.566623355972431408e-01,3.566623355972431408e-01,3.566623355972431408e-01,3.566623355972431408e-01,3.566623355972431408e-01,3.566623355972431408e-01,3.566623355972431408e-01,3.566623355972431408e-01,3.566623355972431408e-01,3.566623355972431408e-01,3.566623355972431408e-01,3.566623355972431408e-01,3.566623355972431408e-01,3.566623355972431408e-01,3.566623355972431408e-01,3.566623355972431408e-01,3.566623355972431408e-01,3.566623355972431408e-01,3.566623355972431408e-01,3.566623355972431408e-01,3.566623355972431408e-01,3.566623355972431408e-01,3.566623355972431408e-01,3.566623355972431408e-01,3.566623355972431408e-01,3.566623355972431408e-01,3.566623355972431408e-01,3.566623355972431408e-01,3.566623355972431408e-01,3.563010606050634466e-01,3.559397853153092317e-01,3.555785100255550724e-01,3.552172347358008575e-01,3.548559594460467537e-01,3.544946841562925388e-01,3.544946841562925388e-01,3.544946841562925388e-01,3.544946841562925388e-01,3.544946841562925388e-01,3.544946841562925388e-01,3.544946841562925388e-01
0.000000000000000000e+00,0.000000000000000000e+00,0.000000000000000000e+00,0.000000000000000000e+00,0.000000000000000000e+00,0.000000000000000000e+00,0.000000000000000000e+00,0.000000000000000000e+00,0.000000000000000000e+00,0.000000000000000000e+00,0.000000000000000000e+00,0.000000000000000000e+00,0.000000000000000000e+00,0.000000000000000000e+00,0.000000000000000000e+00,0.000000000000000000e+00,0.000000000000000000e+00,0.000000000000000000e+00,0.000000000000000000e+00,0.000000000000000000e+00,0.000000000000000000e+00,0.000000000000000000e+00,0.000000000000000000e+00,0.000000000000000000e+00,0.000000000000000000e+00,0.000000000000000000e+00,0.000000000000000000e+00,0.000000000000000000e+00,0.000000000000000000e+00,0.000000000000000000e+00,0.000000000000000000e+00,0.000000000000000000e+00,0.000000000000000000e+00,0.000000000000000000e+00,0.000000000000000000e+00,0.000000000000000000e+00,0.000000000000000000e+00,0.000000000000000000e+00,0.000000000000000000e+00,0.000000000000000000e+00,0.000000000000000000e+00,0.000000000000000000e+00,0.000000000000000000e+00,0.000000000000000000e+00,0.000000000000000000e+00,0.000000000000000000e+00,0.000000000000000000e+00,0.000000000000000000e+00,0.000000000000000000e+00,0.000000000000000000e+00,0.000000000000000000e+00,0.000000000000000000e+00,0.000000000000000000e+00,0.000000000000000000e+00,0.000000000000000000e+00,0.000000000000000000e+00,0.000000000000000000e+00,0.000000000000000000e+00,0.000000000000000000e+00,0.000000000000000000e+00,0.000000000000000000e+00,0.000000000000000000e+00,0.000000000000000000e+00,0.000000000000000000e+00,0.000000000000000000e+00,0.000000000000000000e+00,0.000000000000000000e+00,0.000000000000000000e+00,0.000000000000000000e+00,0.000000000000000000e+00,0.000000000000000000e+00,0.000000000000000000e+00,0.000000000000000000e+00,0.000000000000000000e+00,0.000000000000000000e+00,0.000000000000000000e+00,0.000000000000000000e+00,0.000000000000000000e+00,0.000000000000000000e+00,0.000000000000000000e+00,0.000000000000000000e+00,0.000000000000000000e+00,0.000000000000000000e+00,0.000000000000000000e+00,0.000000000000000000e+00,0.000000000000000000e+00,0.000000000000000000e+00,0.000000000000000000e+00,0.000000000000000000e+00,0.000000000000000000e+00,0.000000000000000000e+00,0.000000000000000000e+00,0.000000000000000000e+00,0.000000000000000000e+00,0.000000000000000000e+00,0.000000000000000000e+00,0.000000000000000000e+00,0.000000000000000000e+00,0.000000000000000000e+00,0.000000000000000000e+00,0.000000000000000000e+00,0.000000000000000000e+00,0.000000000000000000e+00,0.000000000000000000e+00,0.000000000000000000e+00,0.000000000000000000e+00,0.000000000000000000e+00,0.000000000000000000e+00,0.000000000000000000e+00,0.000000000000000000e+00,0.000000000000000000e+00,0.000000000000000000e+00,0.000000000000000000e+00,0.000000000000000000e+00,0.000000000000000000e+00,0.000000000000000000e+00,0.000000000000000000e+00,0.000000000000000000e+00,0.000000000000000000e+00,0.000000000000000000e+00,0.000000000000000000e+00,0.000000000000000000e+00,0.000000000000000000e+00,0.000000000000000000e+00,0.000000000000000000e+00,0.000000000000000000e+00,0.000000000000000000e+00,0.000000000000000000e+00,0.000000000000000000e+00,0.000000000000000000e+00,0.000000000000000000e+00,0.000000000000000000e+00,0.000000000000000000e+00,0.000000000000000000e+00,0.000000000000000000e+00,0.000000000000000000e+00,0.000000000000000000e+00,0.000000000000000000e+00,0.000000000000000000e+00,0.000000000000000000e+00,0.000000000000000000e+00,0.000000000000000000e+00,0.000000000000000000e+00,0.000000000000000000e+00,0.000000000000000000e+00,0.000000000000000000e+00,0.000000000000000000e+00,0.000000000000000000e+00,0.000000000000000000e+00,0.000000000000000000e+00,0.000000000000000000e+00,0.000000000000000000e+00,0.000000000000000000e+00,0.000000000000000000e+00,0.000000000000000000e+00,0.000000000000000000e+00,0.000000000000000000e+00,0.000000000000000000e+00,0.000000000000000000e+00,0.000000000000000000e+00
3.760000000000000009e-01,3.760000000000000009e-01,3.760000000000000009e-01,3.760000000000000009e-01,3.760000000000000009e-01,3.760000000000000009e-01,3.760000000000000009e-01,3.760000000000000009e-01,3.760000000000000009e-01,3.760000000000000009e-01,3.760000000000000009e-01,3.760000000000000009e-01,3.760000000000000009e-01,3.760000000000000009e-01,3.760000000000000009e-01,3.760000000000000009e-01,3.760000000000000009e-01,3.760000000000000009e-01,3.760000000000000009e-01,3.760000000000000009e-01,3.759999999999976694e-01,3.759999999999974474e-01,3.759999999999977804e-01,3.759999999999978360e-01,3.759999999999978915e-01,3.759999999999981135e-01,3.759999999999978915e-01,3.759999999999978915e-01,3.759999999999979470e-01,3.759999999999981135e-01,3.759999999999976694e-01,3.759999999999978915e-01,3.759999999999978915e-01,3.759999999999978915e-01,3.759999999999978915e-01,3.759999999999978915e-01,3.759999999999978915e-01,3.759999999999978915e-01,3.759999999999978915e-01,3.759999999999978915e-01,3.759999999999978915e-01,3.759999999999978915e-01,3.759999999999978915e-01,3.759999999999978915e-01,3.759999999999978915e-01,3.759999999999978915e-01,3.759999999999978915e-01,3.759999999999978915e-01,4.118145196732460045e-01,4.476247624576781270e-01,4.834350052421105270e-01,5.192452480265428161e-01,5.550554908109750496e-01,5.908657335941773781e-01,5.908657335941773781e-01,5.908657335941773781e-01,5.908657335941773781e-01,5.908657335941773781e-01,5.908657335941773781e-01,5.908657335941773781e-01,5.908657335941773781e-01,5.908657335941773781e-01,5.908657335941773781e-01,5.908657335941773781e-01,5.908657335941773781e-01,5.908657335941773781e-01,5.908657335941773781e-01,5.908657335941773781e-01,5.908657335941773781e-01,5.908657335941773781e-01,5.908657335941773781e-01,5.908657335941773781e-01,5.908657335941773781e-01,5.908657335941776001e-01,5.908657335941778221e-01,5.908657335941777111e-01,5.908657335941778221e-01,5.908657335941781552e-01,5.908657335941782662e-01,5.908657335941785993e-01,5.908657335941785993e-01,5.908657335941785993e-01,5.908657335941785993e-01,5.908657335941785993e-01,5.908657335941785993e-01,5.908657335941785993e-01,5.908657335941785993e-01,5.908657335941785993e-01,6.408864445536361920e-01,6.909071555118636576e-01,7.409278664700917894e-01,7.909485774283191439e-01,8.409692883865468316e-01,8.909900010214981680e-01,8.909900010214981680e-01,8.909900010214981680e-01,8.909900010214981680e-01,8.909900010214981680e-01,8.909900010214981680e-01,8.909900010214981680e-01,8.909900010214981680e-01,8.909900010214981680e-01,8.909900010214981680e-01,8.909900010214981680e-01,8.909900010214981680e-01,8.909900010214981680e-01,8.909900010214981680e-01,8.909900010214981680e-01,8.909900010214981680e-01,8.909900010214981680e-01,8.909900010214981680e-01,8.909900010214981680e-01,8.909900010214981680e-01,8.909900010214981680e-01,8.909900010214981680e-01,8.909900010214981680e-01,8.909900010214981680e-01,8.909900010214981680e-01,8.909900010214981680e-01,8.909900010214981680e-01,8.909900010214981680e-01,8.909900010214981680e-01,8.909900010214981680e-01,8.909900010214981680e-01,8.909900010214981680e-01,8.909900010214981680e-01,8.909900010214981680e-01,8.909900010214981680e-01,9.347401900040124278e-01,9.784903806632501144e-01,1.022240571322486913e+00,1.065990761981724599e+00,1.109740952640962064e+00,1.153490413070372700e+00,1.153490413070372700e+00,1.153490413070372700e+00,1.153490413070372700e+00,1.153490413070372700e+00,1.153490413070372700e+00,1.153490413070372700e+00,1.153490413070372700e+00,1.153490413070372700e+00,1.153490413070372700e+00,1.153490413070372700e+00,1.153490413070372700e+00,1.153490413070372700e+00,1.153490413070372700e+00,1.153490413070372700e+00,1.153490413070372700e+00,1.153490413070372700e+00,1.153490413070372700e+00,1.153490413070372700e+00,1.153490413070372700e+00,1.153490413070372700e+00,1.153490413070372700e+00,1.153490413070372700e+00,1.153490413070372700e+00,1.153490413070372700e+00,1.153490413070372700e+00,1.153490413070372700e+00
2.999999999999999889e-01,2.999999999999999889e-01,2.999999999999999889e-01,2.999999999999999889e-01,2.999999999999999889e-01,2.999999999999999889e-01,2.999999999999999889e-01,2.999999999999999889e-01,2.999999999999999889e-01,2.999999999999999889e-01,2.999999999999999889e-01,2.999999999999999889e-01,2.999999999999999889e-01,2.999999999999999889e-01,2.999999999999999889e-01,2.999999999999999889e-01,2.999999999999999889e-01,2.999999999999999889e-01,2.999999999999999889e-01,2.999999999999999889e-01,2.999999999999999889e-01,2.999999999999999889e-01,2.999999999999999889e-01,2.999999999999999889e-01,2.999999999999999889e-01,2.999999999999999889e-01,2.999999999999999889e-01,2.999999999999999889e-01,2.999999999999999889e-01,2.999999999999999889e-01,2.999999999999999889e-01,2.999999999999999889e-01,2.999999999999999889e-01,2.999999999999999889e-01,2.999999999999999889e-01,2.999999999999999889e-01,2.999999999999999889e-01,2.999999999999999889e-01,2.999999999999999889e-01,2.999999999999999889e-01,2.999999999999999889e-01,2.999999999999999889e-01,2.999999999999999889e-01,2.999999999999999889e-01,2.999999999999999889e-01,2.999999999999999889e-01,2.999999999999999889e-01,2.999999999999999889e-01,3.089508331199007918e-01,3.178973893509885462e-01,3.268439455820763562e-01,3.357905018131641661e-01,3.447370580442519761e-01,3.536836148593884843e-01,3.536836148593884843e-01,3.536836148593884843e-01,3.536836148593884843e-01,3.536836148593884843e-01,3.536836148593884843e-01,3.536836148593884843e-01,3.536836148593884843e-01,3.536836148593884843e-01,3.536836148593884843e-01,3.536836148593884843e-01,3.536836148593884843e-01,3.536836148593884843e-01,3.536836148593884843e-01,3.536836148593884843e-01,3.536836148593884843e-01,3.536836148593884843e-01,3.536836148593884843e-01,3.536836148593884843e-01,3.536836148593884843e-01,3.536836148593884843e-01,3.536836148593884843e-01,3.536836148593884843e-01,3.536836148593884843e-01,3.536836148593884843e-01,3.536836148593884843e-01,3.536836148593884843e-01,3.536836148593884843e-01,3.536836148593884843e-01,3.536836148593884843e-01,3.536836148593884843e-01,3.536836148593884843e-01,3.536836148593884843e-01,3.536836148593884843e-01,3.536836148593884843e-01,3.540743655860101313e-01,3.544651168966803656e-01,3.548558682073507109e-01,3.552466195180209452e-01,3.556373708286912905e-01,3.560281217319619662e-01,3.560281217319619662e-01,3.560281217319619662e-01,3.560281217319619662e-01,3.560281217319619662e-01,3.560281217319619662e-01,3.560281217319619662e-01,3.560281217319619662e-01,3.560281217319619662e-01,3.560281217319619662e-01,3.560281217319619662e-01,3.560281217319619662e-01,3.560281217319619662e-01,3.560281217319619662e-01,3.560281217319619662e-01,3.560281217319619662e-01,3.560281217319619662e-01,3.560281217319619662e-01,3.560281217319619662e-01,3.560281217319619662e-01,3.560281217319619662e-01,3.560281217319619662e-01,3.560281217319619662e-01,3.560281217319619662e-01,3.560281217319619662e-01,3.560281217319619662e-01,3.560281217319619662e-01,3.560281217319619662e-01,3.560281217319619662e-01,3.560281217319619662e-01,3.560281217319619662e-01,3.560281217319619662e-01,3.560281217319619662e-01,3.560281217319619662e-01,3.560281217319619662e-01,3.562800727054790118e-01,3.565320232715963322e-01,3.567839738377137082e-01,3.570359244038310287e-01,3.572878749699485712e-01,3.575398258444978383e-01,3.575398258444978383e-01,3.575398258444978383e-01,3.575398258444978383e-01,3.575398258444978383e-01,3.575398258444978383e-01,3.575398258444978383e-01,3.575398258444978383e-01,3.575398258444978383e-01,3.575398258444978383e-01,3.575398258444978383e-01,3.575398258444978383e-01,3.575398258444978383e-01,3.575398258444978383e-01,3.575398258444978383e-01,3.575398258444978383e-01,3.575398258444978383e-01,3.575398258444978383e-01,3.575398258444978383e-01,3.575398258444978383e-01,3.575398258444978383e-01,3.575398258444978383e-01,3.575398258444978383e-01,3.575398258444978383e-01,3.575398258444978383e-01,3.575398258444978383e-01,3.575398258444978383e-01
0.000000000000000000e+00,0.000000000000000000e+00,0.000000000000000000e+00,0.000000000000000000e+00,0.000000000000000000e+00,0.000000000000000000e+00,0.000000000000000000e+00,0.000000000000000000e+00,0.000000000000000000e+00,0.000000000000000000e+00,0.000000000000000000e+00,0.000000000000000000e+00,0.000000000000000000e+00,0.000000000000000000e+00,0.000000000000000000e+00,0.000000000000000000e+00,0.000000000000000000e+00,0.000000000000000000e+00,0.000000000000000000e+00,0.000000000000000000e+00,0.000000000000000000e+00,0.000000000000000000e+00,0.000000000000000000e+00,0.000000000000000000e+00,0.000000000000000000e+00,0.000000000000000000e+00,0.000000000000000000e+00,0.000000000000000000e+00,0.000000000000000000e+00,0.000000000000000000e+00,0.000000000000000000e+00,0.000000000000000000e+00,0.000000000000000000e+00,0.000000000000000000e+00,0.000000000000000000e+00,0.000000000000000000e+00,0.000000000000000000e+00,0.000000000000000000e+00,0.000000000000000000e+00,0.000000000000000000e+00,0.000000000000000000e+00,0.000000000000000000e+00,0.000000000000000000e+00,0.000000000000000000e+00,0.000000000000000000e+00,0.000000000000000000e+00,0.000000000000000000e+00,0.000000000000000000e+00,0.000000000000000000e+00,0.000000000000000000e+00,0.000000000000000000e+00,0.000000000000000000e+00,0.000000000000000000e+00,0.000000000000000000e+00,0.000000000000000000e+00,0.000000000000000000e+00,0.000000000000000000e+00,0.000000000000000000e+00,0.000000000000000000e+00,0.000000000000000000e+00,0.000000000000000000e+00,0.000000000000000000e+00,0.000000000000000000e+00,0.000000000000000000e+00,0.000000000000000000e+00,0.000000000000000000e+00,0.000000000000000000e+00,0.000000000000000000e+00,0.000000000000000000e+00,0.000000000000000000e+00,0.000000000000000000e+00,0.000000000000000000e+00,0.000000000000000000e+00,0.000000000000000000e+00,0.000000000000000000e+00,0.000000000000000000e+00,0.000000000000000000e+00,0.000000000000000000e+00,0.000000000000000000e+00,0.000000000000000000e+00,0.000000000000000000e+00,0.000000000000000000e+00,0.000000000000000000e+00,0.000000000000000000e+00,0.000000000000000000e+00,0.000000000000000000e+00,0.000000000000000000e+00,0.000000000000000000e+00,0.000000000000000000e+00,0.000000000000000000e+00,0.000000000000000000e+00,0.000000000000000000e+00,0.000000000000000000e+00,0.000000000000000000e+00,0.000000000000000000e+00,0.000000000000000000e+00,0.000000000000000000e+00,0.000000000000000000e+00,0.000000000000000000e+00,0.000000000000000000e+00,0.000000000000000000e+00,0.000000000000000000e+00,0.000000000000000000e+00,0.000000000000000000e+00,0.000000000000000000e+00,0.000000000000000000e+00,0.000000000000000000e+00,0.000000000000000000e+00,0.000000000000000000e+00,0.000000000000000000e+00,0.000000000000000000e+00,0.000000000000000000e+00,0.000000000000000000e+00,0.000000000000000000e+00,0.000000000000000000e+00,0.000000000000000000e+00,0.000000000000000000e+00,0.000000000000000000e+00,0.000000000000000000e+00,0.000000000000000000e+00,0.000000000000000000e+00,0.000000000000000000e+00,0.000000000000000000e+00,0.000000000000000000e+00,0.000000000000000000e+00,0.000000000000000000e+00,0.000000000000000000e+00,0.000000000000000000e+00,0.000000000000000000e+00,0.000000000000000000e+00,0.000000000000000000e+00,0.000000000000000000e+00,0.000000000000000000e+00,0.000000000000000000e+00,0.000000000000000000e+00,0.000000000000000000e+00,0.000000000000000000e+00,0.000000000000000000e+00,0.000000000000000000e+00,0.000000000000000000e+00,0.000000000000000000e+00,0.000000000000000000e+00,0.000000000000000000e+00,0.000000000000000000e+00,0.000000000000000000e+00,0.000000000000000000e+00,0.000000000000000000e+00,0.000000000000000000e+00,0.000000000000000000e+00,0.000000000000000000e+00,0.000000000000000000e+00,0.000000000000000000e+00,0.000000000000000000e+00,0.000000000000000000e+00,0.000000000000000000e+00,0.000000000000000000e+00,0.000000000000000000e+00,0.000000000000000000e+00,0.000000000000000000e+00,0.000000000000000000e+00
3.760000000000000009e-01,3.760000000000000009e-01,3.760000000000000009e-01,3.760000000000000009e-01,3.760000000000000009e-01,3.760000000000000009e-01,3.760000000000000009e-01,3.760000000000000009e-01,3.760000000000000009e-01,3.760000000000000009e-01,3.760000000000000009e-01,3.760000000000000009e-01,3.760000000000000009e-01,3.760000000000000009e-01,3.760000000000000009e-01,3.760000000000000009e-01,3.760000000000000009e-01,3.760000000000000009e-01,3.760000000000000009e-01,3.760000000000000009e-01,3.759999999999976694e-01,3.759999999999974474e-01,3.759999999999977804e-01,3.759999999999978360e-01,3.759999999999978915e-01,3.759999999999981135e-01,3.759999999999978915e-01,3.759999999999978915e-01,3.759999999999979470e-01,3.759999999999981135e-01,3.759999999999976694e-01,3.759999999999978915e-01,3.759999999999978915e-01,3.759999999999978915e-01,3.759999999999978915e-01,3.759999999999978915e-01,3.759999999999978915e-01,3.759999999999978915e-01,3.759999999999978915e-01,3.759999999999978915e-01,3.759999999999978915e-01,3.759999999999978915e-01,3.759999999999978915e-01,3.759999999999978915e-01,3.759999999999978915e-01,3.759999999999978915e-01,3.759999999999978915e-01,3.759999999999978915e-01,4.118145423934834737e-01,4.476248078981530654e-01,4.834350734028228791e-01,5.192453389074926928e-01,5.550556044121623955e-01,5.908658699092137478e-01,5.908658699092137478e-01,5.908658699092137478e-01,5.908658699092137478e-01,5.908658699092137478e-01,5.908658699092137478e-01,5.908658699092137478e-01,5.908658699092137478e-01,5.908658699092139699e-01,5.908658699092141919e-01,5.908658699092139699e-01,5.908658699092137478e-01,5.908658699092135258e-01,5.908658699092133038e-01,5.908658699092133038e-01,5.908658699092133038e-01,5.908658699092133038e-01,5.908658699092133038e-01,5.908658699092133038e-01,5.908658699092130817e-01,5.908658699092130817e-01,5.908658699092130817e-01,5.908658699092133038e-01,5.908658699092134148e-01,5.908658699092137478e-01,5.908658699092138589e-01,5.908658699092141919e-01,5.908658699092141919e-01,5.908658699092141919e-01,5.908658699092141919e-01,5.908658699092141919e-01,5.908658699092141919e-01,5.908658699092141919e-01,5.908658699092141919e-01,5.908658699092141919e-01,6.408865663353222608e-01,6.909072627538122013e-01,7.409279591723039182e-01,7.909486555907896399e-01,8.409693520092833552e-01,8.909905582562042126e-01,8.909905582562042126e-01,8.909905582562042126e-01,8.909905582562042126e-01,8.909905582562042126e-01,8.909905582562042126e-01,8.909905582562042126e-01,8.909905582562042126e-01,8.909905582562042126e-01,8.909905582562042126e-01,8.909905582562042126e-01,8.909905582562042126e-01,8.909905582562042126e-01,8.909905582562042126e-01,8.909905582562042126e-01,8.909905582562042126e-01,8.909905582562042126e-01,8.909905582562042126e-01,8.909905582562042126e-01,8.909905582562042126e-01,8.909905582562042126e-01,8.909905582562042126e-01,8.909905582562042126e-01,8.909905582562042126e-01,8.909905582562042126e-01,8.909905582562042126e-01,8.909905582562042126e-01,8.909905582562042126e-01,8.909905582562042126e-01,8.909905582562042126e-01,8.909905582562042126e-01,8.909905582562042126e-01,8.909905582562042126e-01,8.909905582562042126e-01,8.909905582562042126e-01,9.347438826439533610e-01,9.784977168601333153e-01,1.022251551076307052e+00,1.066005385292486007e+00,1.109759219508663630e+00,1.153514417266783720e+00,1.153514417266783720e+00,1.153514417266783720e+00,1.153514417266783720e+00,1.153514417266783720e+00,1.153514417266783720e+00,1.153514417266783720e+00,1.153514417266783720e+00,1.153514417266783720e+00,1.153514417266783720e+00,1.153514417266783720e+00,1.153514417266783720e+00,1.153514417266783720e+00,1.153514417266783720e+00,1.153514417266783720e+00,1.153514417266783720e+00,1.153514417266783720e+00,1.153514417266783720e+00,1.153514417266783720e+00,1.153514417266783720e+00,1.153514417266783720e+00,1.153514417266783720e+00,1.153514417266783720e+00,1.153514417266783720e+00,1.153514417266783720e+00,1.153514417266783720e+00,1.153514417266783720e+00
5.899999999999999689e-01,5.899999999999999689e-01,5.899999999999999689e-01,5.899999999999999689e-01,5.899999999999999689e-01,5.899999999999999689e-01,5.899999999999999689e-01,5.899999999999999689e-01,5.899999999999999689e-01,5.899999999999999689e-01,5.899999999999999689e-01,5.899999999999999689e-01,5.899999999999999689e-01,5.899999999999999689e-01,5.899999999999999689e-01,5.899999999999999689e-01,5.899999999999999689e-01,5.899999999999999689e-01,5.899999999999999689e-01,5.899999999999999689e-01,5.899999999999971934e-01,5.899999999999971934e-01,5.899999999999969713e-01,5.899999999999965272e-01,5.899999999999965272e-01,5.899999999999965272e-01,5.899999999999967493e-01,5.899999999999966382e-01,5.899999999999966382e-01,5.899999999999961942e-01,5.899999999999960831e-01,5.899999999999960831e-01,5.899999999999960831e-01,5.899999999999960831e-01,5.899999999999960831e-01,5.899999999999960831e-01,5.899999999999960831e-01,5.899999999999960831e-01,5.899999999999960831e-01,5.899999999999960831e-01,5.899999999999960831e-01,5.899999999999960831e-01,5.899999999999960831e-01,5.899999999999960831e-01,5.899999999999960831e-01,5.899999999999960831e-01,5.899999999999960831e-01,5.899999999999960831e-01,5.855967249473427172e-01,5.811891730058734717e-01,5.767816210644044483e-01,5.723740691229352029e-01,5.679665171814661795e-01,5.635589652444190634e-01,5.635589652444190634e-01,5.635589652444190634e-01,5.635589652444190634e-01,5.635589652444190634e-01,5.635589652444190634e-01,5.635589652444190634e-01,5.635589652444190634e-01,5.635589652444190634e-01,5.635589652444190634e-01,5.635589652444190634e-01,5.635589652444190634e-01,5.635589652444190634e-01,5.635589652444190634e-01,5.635589652444190634e-01,5.635589652444190634e-01,5.635589652444190634e-01,5.635589652444190634e-01,5.635589652444190634e-01,5.635589652444190634e-01,5.635589652444190634e-01,5.635589652444190634e-01,5.635589652444190634e-01,5.635589652444190634e-01,5.635589652444190634e-01,5.635589652444190634e-01,5.635589652444190634e-01,5.635589652444190634e-01,5.635589652444190634e-01,5.635589652444190634e-01,5.635589652444190634e-01,5.635589652444190634e-01,5.635589652444190634e-01,5.635589652444190634e-01,5.635589652444190634e-01,5.640278662966401457e-01,5.644967673532833574e-01,5.649656684099265691e-01,5.654345694665696698e-01,5.659034705232128815e-01,5.663723715839583672e-01,5.663723715839583672e-01,5.663723715839583672e-01,5.663723715839583672e-01,5.663723715839583672e-01,5.663723715839583672e-01,5.663723715839583672e-01,5.663723715839583672e-01,5.663723715839583672e-01,5.663723715839583672e-01,5.663723715839583672e-01,5.663723715839583672e-01,5.663723715839583672e-01,5.663723715839583672e-01,5.663723715839583672e-01,5.663723715839583672e-01,5.663723715839583672e-01,5.663723715839583672e-01,5.663723715839583672e-01,5.663723715839583672e-01,5.663723715839583672e-01,5.663723715839583672e-01,5.663723715839583672e-01,5.663723715839583672e-01,5.663723715839583672e-01,5.663723715839583672e-01,5.663723715839583672e-01,5.663723715839583672e-01,5.663723715839583672e-01,5.663723715839583672e-01,5.663723715839583672e-01,5.663723715839583672e-01,5.663723715839583672e-01,5.663723715839583672e-01,5.663723715839583672e-01,5.664521251276970482e-01,5.665318786755380032e-01,5.666116322233789582e-01,5.666913857712200242e-01,5.667711393190608682e-01,5.668508928739410813e-01,5.668508928739410813e-01,5.668508928739410813e-01,5.668508928739410813e-01,5.668508928739410813e-01,5.668508928739410813e-01,5.668508928739410813e-01,5.668508928739410813e-01,5.668508928739410813e-01,5.668508928739410813e-01,5.668508928739410813e-01,5.668508928739410813e-01,5.668508928739410813e-01,5.668508928739410813e-01,5.668508928739410813e-01,5.668508928739410813e-01,5.668508928739410813e-01,5.668508928739410813e-01,5.668508928739410813e-01,5.668508928739410813e-01,5.668508928739410813e-01,5.668508928739410813e-01,5.668508928739410813e-01,5.668508928739410813e-01,5.668508928739410813e-01,5.668508928739410813e-01,5.668508928739410813e-01
0.000000000000000000e+00,0.000000000000000000e+00,0.000000000000000000e+00,0.000000000000000000e+00,0.000000000000000000e+00,0.000000000000000000e+00,0.000000000000000000e+00,0.000000000000000000e+00,0.000000000000000000e+00,0.000000000000000000e+00,0.000000000000000000e+00,0.000000000000000000e+00,0.000000000000000000e+00,0.000000000000000000e+00,0.000000000000000000e+00,0.000000000000000000e+00,0.000000000000000000e+00,0.000000000000000000e+00,0.000000000000000000e+00,0.000000000000000000e+00,0.000000000000000000e+00,0.000000000000000000e+00,0.000000000000000000e+00,0.000000000000000000e+00,0.000000000000000000e+00,0.000000000000000000e+00,0.000000000000000000e+00,0.000000000000000000e+00,0.000000000000000000e+00,0.000000000000000000e+00,0.000000000000000000e+00,0.000000000000000000e+00,0.000000000000000000e+00,0.000000000000000000e+00,0.000000000000000000e+00,0.000000000000000000e+00,0.000000000000000000e+00,0.000000000000000000e+00,0.000000000000000000e+00,0.000000000000000000e+00,0.000000000000000000e+00,0.000000000000000000e+00,0.000000000000000000e+00,0.000000000000000000e+00,0.000000000000000000e+00,0.000000000000000000e+00,0.000000000000000000e+00,0.000000000000000000e+00,0.000000000000000000e+00,0.000000000000000000e+00,0.000000000000000000e+00,0.000000000000000000e+00,0.000000000000000000e+00,0.000000000000000000e+00,0.000000000000000000e+00,0.000000000000000000e+00,0.000000000000000000e+00,0.000000000000000000e+00,0.000000000000000000e+00,0.000000000000000000e+00,0.000000000000000000e+00,0.000000000000000000e+00,0.000000000000000000e+00,0.000000000000000000e+00,0.000000000000000000e+00,0.000000000000000000e+00,0.000000000000000000e+00,0.000000000000000000e+00,0.000000000000000000e+00,0.000000000000000000e+00,0.000000000000000000e+00,0.000000000000000000e+00,0.000000000000000000e+00,0.000000000000000000e+00,0.000000000000000000e+00,0.000000000000000000e+00,0.000000000000000000e+00,0.000000000000000000e+00,0.000000000000000000e+00,0.000000000000000000e+00,0.000000000000000000e+00,0.000000000000000000e+00,0.000000000000000000e+00,0.000000000000000000e+00,0.000000000000000000e+00,0.000000000000000000e+00,0.000000000000000000e+00,0.000000000000000000e+00,0.000000000000000000e+00,0.000000000000000000e+00,0.000000000000000000e+00,0.000000000000000000e+00,0.000000000000000000e+00,0.000000000000000000e+00,0.000000000000000000e+00,0.000000000000000000e+00,0.000000000000000000e+00,0.000000000000000000e+00,0.000000000000000000e+00,0.000000000000000000e+00,0.000000000000000000e+00,0.000000000000000000e+00,0.000000000000000000e+00,0.000000000000000000e+00,0.000000000000000000e+00,0.000000000000000000e+00,0.000000000000000000e+00,0.000000000000000000e+00,0.000000000000000000e+00,0.000000000000000000e+00,0.000000000000000000e+00,0.000000000000000000e+00,0.000000000000000000e+00,0.000000000000000000e+00,0.000000000000000000e+00,0.000000000000000000e+00,0.000000000000000000e+00,0.000000000000000000e+00,0.000000000000000000e+00,0.000000000000000000e+00,0.000000000000000000e+00,0.000000000000000000e+00,0.000000000000000000e+00,0.000000000000000000e+00,0.000000000000000000e+00,0.000000000000000000e+00,0.000000000000000000e+00,0.000000000000000000e+00,0.000000000000000000e+00,0.000000000000000000e+00,0.000000000000000000e+00,0.000000000000000000e+00,0.000000000000000000e+00,0.000000000000000000e+00,0.000000000000000000e+00,0.000000000000000000e+00,0.000000000000000000e+00,0.000000000000000000e+00,0.000000000000000000e+00,0.000000000000000000e+00,0.000000000000000000e+00,0.000000000000000000e+00,0.000000000000000000e+00,0.000000000000000000e+00,0.000000000000000000e+00,0.000000000000000000e+00,0.000000000000000000e+00,0.000000000000000000e+00,0.000000000000000000e+00,0.000000000000000000e+00,0.000000000000000000e+00,0.000000000000000000e+00,0.000000000000000000e+00,0.000000000000000000e+00,0.000000000000000000e+00,0.000000000000000000e+00,0.000000000000000000e+00,0.000000000000000000e+00,0.000000000000000000e+00,0.000000000000000000e+00
0.000000000000000000e+00,0.000000000000000000e+00,0.000000000000000000e+00,0.000000000000000000e+00,0.000000000000000000e+00,0.000000000000000000e+00,0.000000000000000000e+00,0.000000000000000000e+00,0.000000000000000000e+00,0.000000000000000000e+00,0.000000000000000000e+00,0.000000000000000000e+00,0.000000000000000000e+00,0.000000000000000000e+00,0.000000000000000000e+00,0.000000000000000000e+00,0.000000000000000000e+00,0.000000000000000000e+00,0.000000000000000000e+00,0.000000000000000000e+00,0.000000000000000000e+00,0.000000000000000000e+00,0.000000000000000000e+00,0.000000000000000000e+00,0.000000000000000000e+00,0.000000000000000000e+00,0.000000000000000000e+00,0.000000000000000000e+00,2.510000522404547130e-02,5.020001044809106749e-02,7.530001567213666369e-02,1.004000208961821350e-01,1.255000261202277312e-01,1.506000313442733274e-01,1.506000313442733274e-01,1.506000313442733274e-01,1.506000313442733274e-01,1.506000313442733274e-01,1.506000313442733274e-01,1.506000313442733274e-01,1.506000313442733274e-01,1.506000313442733274e-01,1.506000313442733274e-01,1.506000313442733274e-01,1.506000313442733274e-01,1.506000313442733274e-01,1.506000313442733274e-01,1.506000313442733274e-01,1.506000313442734384e-01,1.506000313442733274e-01,1.506000313442733274e-01,1.506000313442733274e-01,1.506000313442733274e-01,1.506000313442732164e-01,1.506000313442733274e-01,1.506000313442734384e-01,1.506000313442735494e-01,1.506000313442737715e-01,1.506000313442735494e-01,1.506000313442737715e-01,1.506000313442737715e-01,1.506000313442737715e-01,1.506000313442737715e-01,1.506000313442737715e-01,1.506000313442737715e-01,1.506000313442737715e-01,1.506000313442737715e-01,1.506000313442737715e-01,1.952239020130356328e-01,2.398372484427657714e-01,2.844505948724954658e-01,3.290639413022251603e-01,3.736772877319552988e-01,4.182906341550108875e-01,4.182906341550108875e-01,4.182906341550108875e-01,4.182906341550108875e-01,4.182906341550108875e-01,4.182906341550108875e-01,4.182906341550108875e-01,4.182906341550112206e-01,4.182906341550111096e-01,4.182906341550112206e-01,4.182906341550111096e-01,4.182906341550109985e-01,4.182906341550111096e-01,4.182906341550112206e-01,4.182906341550113316e-01,4.182906341550114426e-01,4.182906341550113316e-01,4.182906341550114426e-01,4.182906341550115537e-01,4.182906341550115537e-01,4.182906341550115537e-01,4.182906341550115537e-01,4.182906341550115537e-01,4.182906341550115537e-01,4.182906341550115537e-01,4.182906341550115537e-01,4.182906341550115537e-01,4.182906341550115537e-01,4.182906341550115537e-01,4.182906341550115537e-01,4.182906341550115537e-01,4.182906341550115537e-01,4.182906341550115537e-01,4.182906341550115537e-01,4.182906341550115537e-01,4.706143138291180028e-01,5.229379934965489030e-01,5.752616731639702552e-01,6.275853528314094820e-01,6.799090324988480427e-01,7.322327118006701774e-01,7.322327118006701774e-01,7.322327118006701774e-01,7.322327118006701774e-01,7.322327118006701774e-01,7.322327118006701774e-01,7.322327118006701774e-01,7.322327118006701774e-01,7.322327118006701774e-01,7.322327118006701774e-01,7.322327118006701774e-01,7.322327118006701774e-01,7.322327118006701774e-01,7.322327118006701774e-01,7.322327118006701774e-01,7.322327118006701774e-01,7.322327118006701774e-01,7.322327118006701774e-01,7.322327118006701774e-01,7.322327118006701774e-01,7.322327118006701774e-01,7.322327118006701774e-01,7.322327118006701774e-01,7.322327118006701774e-01,7.322327118006701774e-01,7.322327118006701774e-01,7.322327118006701774e-01,7.322327118006701774e-01,7.322327118006701774e-01,7.322327118006701774e-01,7.322327118006701774e-01,7.322327118006701774e-01,7.322327118006701774e-01,7.322327118006701774e-01,7.322327118006701774e-01,7.850731662091112728e-01,8.379136202519563703e-01,8.907540742947931411e-01,9.435945283376344639e-01,9.964349823804781181e-01,1.049275436423313446e+00,1.049275436423313446e+00,1.049275436423313446e+00,1.049275436423313446e+00,1.049275436423313446e+00,1.049275436423313446e+00,1.049275436423313446e+00
5.899999999999999689e-01,5.899999999999999689e-01,5.899999999999999689e-01,5.899999999999999689e-01,5.899999999999999689e-01,5.899999999999999689e-01,5.899999999999999689e-01,5.899999999999999689e-01,5.899999999999999689e-01,5.899999999999999689e-01,5.899999999999999689e-01,5.899999999999999689e-01,5.899999999999999689e-01,5.899999999999999689e-01,5.899999999999999689e-01,5.899999999999999689e-01,5.899999999999999689e-01,5.899999999999999689e-01,5.899999999999999689e-01,5.899999999999999689e-01,5.899999999999971934e-01,5.899999999999971934e-01,5.899999999999969713e-01,5.899999999999965272e-01,5.899999999999965272e-01,5.899999999999965272e-01,5.899999999999967493e-01,5.899999999999966382e-01,5.851756943527787191e-01,5.803513887055598008e-01,5.755270830584079400e-01,5.707027774111224083e-01,5.658784717640160666e-01,5.610584430056357874e-01,5.610584430056357874e-01,5.610584430056357874e-01,5.610584430056357874e-01,5.610584430056357874e-01,5.610584430056357874e-01,5.610584430056357874e-01,5.610584430056357874e-01,5.610584430056357874e-01,5.610584430056357874e-01,5.610584430056357874e-01,5.610584430056357874e-01,5.610584430056357874e-01,5.610584430056357874e-01,5.610584430056357874e-01,5.610584430056357874e-01,5.610584430056357874e-01,5.610584430056357874e-01,5.610584430056357874e-01,5.610584430056357874e-01,5.610584430056357874e-01,5.610584430056357874e-01,5.610584430056357874e-01,5.610584430056357874e-01,5.610584430056357874e-01,5.610584430056357874e-01,5.610584430056357874e-01,5.610584430056357874e-01,5.610584430056357874e-01,5.610584430056357874e-01,5.610584430056357874e-01,5.610584430056357874e-01,5.610584430056357874e-01,5.610584430056357874e-01,5.610584430056357874e-01,5.618006237674058045e-01,5.625428045293100476e-01,5.632849852912142907e-01,5.640271660531185338e-01,5.647693468150227769e-01,5.655115275875298719e-01,5.655115275875298719e-01,5.655115275875298719e-01,5.655115275875298719e-01,5.655115275875298719e-01,5.655115275875298719e-01,5.655115275875298719e-01,5.655115275875298719e-01,5.655115275875298719e-01,5.655115275875298719e-01,5.655115275875298719e-01,5.655115275875298719e-01,5.655115275875298719e-01,5.655115275875298719e-01,5.655115275875298719e-01,5.655115275875298719e-01,5.655115275875298719e-01,5.655115275875298719e-01,5.655115275875298719e-01,5.655115275875298719e-01,5.655115275875298719e-01,5.655115275875298719e-01,5.655115275875298719e-01,5.655115275875298719e-01,5.655115275875298719e-01,5.655115275875298719e-01,5.655115275875298719e-01,5.655115275875298719e-01,5.655115275875298719e-01,5.655115275875298719e-01,5.655115275875298719e-01,5.655115275875298719e-01,5.655115275875298719e-01,5.655115275875298719e-01,5.655115275875298719e-01,5.657518496420367304e-01,5.659921717071463299e-01,5.662324937722559293e-01,5.664728158373655287e-01,5.667131379024752391e-01,5.669534599839259892e-01,5.669534599839259892e-01,5.669534599839259892e-01,5.669534599839259892e-01,5.669534599839259892e-01,5.669534599839259892e-01,5.669534599839259892e-01,5.669534599839259892e-01,5.669534599839259892e-01,5.669534599839259892e-01,5.669534599839259892e-01,5.669534599839259892e-01,5.669534599839259892e-01,5.669534599839259892e-01,5.669534599839259892e-01,5.669534599839259892e-01,5.669534599839259892e-01,5.669534599839259892e-01,5.669534599839259892e-01,5.669534599839259892e-01,5.669534599839259892e-01,5.669534599839259892e-01,5.669534599839259892e-01,5.669534599839259892e-01,5.669534599839259892e-01,5.669534599839259892e-01,5.669534599839259892e-01,5.669534599839259892e-01,5.669534599839259892e-01,5.669534599839259892e-01,5.669534599839259892e-01,5.669534599839259892e-01,5.669534599839259892e-01,5.669534599839259892e-01,5.669534599839259892e-01,5.675673969255626838e-01,5.681813338835405292e-01,5.687952708415184855e-01,5.694092077994963308e-01,5.700231447574741761e-01,5.706370817154520214e-01,5.706370817154520214e-01,5.706370817154520214e-01,5.706370817154520214e-01,5.706370817154520214e-01,5.706370817154520214e-01,5.706370817154520214e-01
0.000000000000000000e+00,0.000000000000000000e+00,0.000000000000000000e+00,0.000000000000000000e+00,0.000000000000000000e+00,0.000000000000000000e+00,0.000000000000000000e+00,0.000000000000000000e+00,0.000000000000000000e+00,0.000000000000000000e+00,0.000000000000000000e+00,0.000000000000000000e+00,0.000000000000000000e+00,0.000000000000000000e+00,0.000000000000000000e+00,0.000000000000000000e+00,0.000000000000000000e+00,0.000000000000000000e+00,0.000000000000000000e+00,0.000000000000000000e+00,0.000000000000000000e+00,0.000000000000000000e+00,0.000000000000000000e+00,0.000000000000000000e+00,0.000000000000000000e+00,0.000000000000000000e+00,0.000000000000000000e+00,0.000000000000000000e+00,0.000000000000000000e+00,0.000000000000000000e+00,0.000000000000000000e+00,0.000000000000000000e+00,0.000000000000000000e+00,0.000000000000000000e+00,0.000000000000000000e+00,0.000000000000000000e+00,0.000000000000000000e+00,0.000000000000000000e+00,0.000000000000000000e+00,0.000000000000000000e+00,0.000000000000000000e+00,0.000000000000000000e+00,0.000000000000000000e+00,0.000000000000000000e+00,0.000000000000000000e+00,0.000000000000000000e+00,0.000000000000000000e+00,0.000000000000000000e+00,0.000000000000000000e+00,0.000000000000000000e+00,0.000000000000000000e+00,0.000000000000000000e+00,0.000000000000000000e+00,0.000000000000000000e+00,0.000000000000000000e+00,0.000000000000000000e+00,0.000000000000000000e+00,0.000000000000000000e+00,0.000000000000000000e+00,0.000000000000000000e+00,0.000000000000000000e+00,0.000000000000000000e+00,0.000000000000000000e+00,0.000000000000000000e+00,0.000000000000000000e+00,0.000000000000000000e+00,0.000000000000000000e+00,0.000000000000000000e+00,0.000000000000000000e+00,0.000000000000000000e+00,0.000000000000000000e+00,0.000000000000000000e+00,0.000000000000000000e+00,0.000000000000000000e+00,0.000000000000000000e+00,0.000000000000000000e+00,0.000000000000000000e+00,0.000000000000000000e+00,0.000000000000000000e+00,0.000000000000000000e+00,0.000000000000000000e+00,0.000000000000000000e+00,0.000000000000000000e+00,0.000000000000000000e+00,0.000000000000000000e+00,0.000000000000000000e+00,0.000000000000000000e+00,0.000000000000000000e+00,0.000000000000000000e+00,0.000000000000000000e+00,0.000000000000000000e+00,0.000000000000000000e+00,0.000000000000000000e+00,0.000000000000000000e+00,0.000000000000000000e+00,0.000000000000000000e+00,0.000000000000000000e+00,0.000000000000000000e+00,0.000000000000000000e+00,0.000000000000000000e+00,0.000000000000000000e+00,0.000000000000000000e+00,0.000000000000000000e+00,0.000000000000000000e+00,0.000000000000000000e+00,0.000000000000000000e+00,0.000000000000000000e+00,0.000000000000000000e+00,0.000000000000000000e+00,0.000000000000000000e+00,0.000000000000000000e+00,0.000000000000000000e+00,0.000000000000000000e+00,0.000000000000000000e+00,0.000000000000000000e+00,0.000000000000000000e+00,0.000000000000000000e+00,0.000000000000000000e+00,0.000000000000000000e+00,0.000000000000000000e+00,0.000000000000000000e+00,0.000000000000000000e+00,0.000000000000000000e+00,0.000000000000000000e+00,0.000000000000000000e+00,0.000000000000000000e+00,0.000000000000000000e+00,0.000000000000000000e+00,0.000000000000000000e+00,0.000000000000000000e+00,0.000000000000000000e+00,0.000000000000000000e+00,0.000000000000000000e+00,0.000000000000000000e+00,0.000000000000000000e+00,0.000000000000000000e+00,0.000000000000000000e+00,0.000000000000000000e+00,0.000000000000000000e+00,0.000000000000000000e+00,0.000000000000000000e+00,0.000000000000000000e+00,0.000000000000000000e+00,0.000000000000000000e+00,0.000000000000000000e+00,0.000000000000000000e+00,0.000000000000000000e+00,0.000000000000000000e+00,0.000000000000000000e+00,0.000000000000000000e+00,0.000000000000000000e+00,0.000000000000000000e+00,0.000000000000000000e+00,0.000000000000000000e+00,0.000000000000000000e+00,0.000000000000000000e+00,0.000000000000000000e+00,0.000000000000000000e+00,0.000000000000000000e+00,0.000000000000000000e+00
